date,new_cases,new_cases_smoothed,total_cases,new_tests,new_deaths,new_deaths_smoothed,total_deaths,new_tests_smoothed,total_tests,positive_rate,death_rate_t,year,month,day,weekday
2019-12-31,0.0,,0.0,,0.0,,0.0,,,,,2019,12,31,1
2020-01-01,0.0,,0.0,,0.0,,0.0,,,,,2020,1,1,2
2020-01-02,0.0,,0.0,,0.0,,0.0,,,,,2020,1,2,3
2020-01-03,0.0,,0.0,,0.0,,0.0,,,,,2020,1,3,4
2020-01-04,0.0,,0.0,,0.0,,0.0,,,,,2020,1,4,5
2020-01-05,0.0,,0.0,,0.0,,0.0,,,,,2020,1,5,6
2020-01-06,0.0,0.0,0.0,,0.0,0.0,0.0,,,,,2020,1,6,0
2020-01-07,0.0,0.0,0.0,,0.0,0.0,0.0,,,,,2020,1,7,1
2020-01-08,0.0,0.0,0.0,,0.0,0.0,0.0,,,,,2020,1,8,2
2020-01-09,0.0,0.0,0.0,,0.0,0.0,0.0,,,,,2020,1,9,3
2020-01-10,0.0,0.0,0.0,,0.0,0.0,0.0,,,,,2020,1,10,4
2020-01-11,0.0,0.0,0.0,,0.0,0.0,0.0,,,,,2020,1,11,5
2020-01-12,0.0,0.0,0.0,,0.0,0.0,0.0,,,,,2020,1,12,6
2020-01-13,0.0,0.0,0.0,,0.0,0.0,0.0,,,,,2020,1,13,0
2020-01-14,0.0,0.0,0.0,,0.0,0.0,0.0,,,,,2020,1,14,1
2020-01-15,0.0,0.0,0.0,,0.0,0.0,0.0,,,,,2020,1,15,2
2020-01-16,0.0,0.0,0.0,,0.0,0.0,0.0,,,,,2020,1,16,3
2020-01-17,0.0,0.0,0.0,,0.0,0.0,0.0,,,,,2020,1,17,4
2020-01-18,0.0,0.0,0.0,,0.0,0.0,0.0,,,,,2020,1,18,5
2020-01-19,0.0,0.0,0.0,,0.0,0.0,0.0,,,,,2020,1,19,6
2020-01-20,0.0,0.0,0.0,,0.0,0.0,0.0,,,,,2020,1,20,0
2020-01-21,0.0,0.0,0.0,,0.0,0.0,0.0,,,,,2020,1,21,1
2020-01-22,0.0,0.0,0.0,,0.0,0.0,0.0,,,,,2020,1,22,2
2020-01-23,0.0,0.0,0.0,,0.0,0.0,0.0,,,,,2020,1,23,3
2020-01-24,0.0,0.0,0.0,,0.0,0.0,0.0,,,,,2020,1,24,4
2020-01-25,0.0,0.0,0.0,,0.0,0.0,0.0,,,,,2020,1,25,5
2020-01-26,0.0,0.0,0.0,,0.0,0.0,0.0,,,,,2020,1,26,6
2020-01-27,0.0,0.0,0.0,,0.0,0.0,0.0,,,,,2020,1,27,0
2020-01-28,0.0,0.0,0.0,,0.0,0.0,0.0,,,,,2020,1,28,1
2020-01-29,0.0,0.0,0.0,,0.0,0.0,0.0,,,,,2020,1,29,2
2020-01-30,0.0,0.0,0.0,,0.0,0.0,0.0,,,,,2020,1,30,3
2020-01-31,0.0,0.0,0.0,,0.0,0.0,0.0,,,,,2020,1,31,4
2020-02-01,2.0,0.28600000000000003,2.0,,0.0,0.0,0.0,,,,0.0,2020,2,1,5
2020-02-02,0.0,0.28600000000000003,2.0,,0.0,0.0,0.0,,,,0.0,2020,2,2,6
2020-02-03,0.0,0.28600000000000003,2.0,,0.0,0.0,0.0,,,,0.0,2020,2,3,0
2020-02-04,0.0,0.28600000000000003,2.0,,0.0,0.0,0.0,,,,0.0,2020,2,4,1
2020-02-05,1.0,0.429,3.0,,0.0,0.0,0.0,,,,0.0,2020,2,5,2
2020-02-06,0.0,0.429,3.0,,0.0,0.0,0.0,,,,0.0,2020,2,6,3
2020-02-07,1.0,0.5710000000000001,4.0,,0.0,0.0,0.0,,,,0.0,2020,2,7,4
2020-02-08,0.0,0.28600000000000003,4.0,,0.0,0.0,0.0,,,,0.0,2020,2,8,5
2020-02-09,0.0,0.28600000000000003,4.0,,0.0,0.0,0.0,,,,0.0,2020,2,9,6
2020-02-10,4.0,0.857,8.0,,0.0,0.0,0.0,,,,0.0,2020,2,10,0
2020-02-11,1.0,1.0,9.0,,0.0,0.0,0.0,,,,0.0,2020,2,11,1
2020-02-12,0.0,0.857,9.0,,0.0,0.0,0.0,,,,0.0,2020,2,12,2
2020-02-13,1.0,1.0,10.0,,0.0,0.0,0.0,,,,0.0,2020,2,13,3
2020-02-14,0.0,0.857,10.0,,0.0,0.0,0.0,,,,0.0,2020,2,14,4
2020-02-15,0.0,0.857,10.0,,0.0,0.0,0.0,,,,0.0,2020,2,15,5
2020-02-16,0.0,0.857,10.0,,0.0,0.0,0.0,,,,0.0,2020,2,16,6
2020-02-17,0.0,0.28600000000000003,10.0,,0.0,0.0,0.0,,,,0.0,2020,2,17,0
2020-02-18,0.0,0.14300000000000002,10.0,,0.0,0.0,0.0,,,,0.0,2020,2,18,1
2020-02-19,0.0,0.14300000000000002,10.0,,0.0,0.0,0.0,,,,0.0,2020,2,19,2
2020-02-20,0.0,0.0,10.0,,0.0,0.0,0.0,,,,0.0,2020,2,20,3
2020-02-21,0.0,0.0,10.0,,0.0,0.0,0.0,,,,0.0,2020,2,21,4
2020-02-22,0.0,0.0,10.0,,0.0,0.0,0.0,,,,0.0,2020,2,22,5
2020-02-23,1.0,0.14300000000000002,11.0,,0.0,0.0,0.0,,,,0.0,2020,2,23,6
2020-02-24,0.0,0.14300000000000002,11.0,,0.0,0.0,0.0,,,,0.0,2020,2,24,0
2020-02-25,0.0,0.14300000000000002,11.0,,0.0,0.0,0.0,,,,0.0,2020,2,25,1
2020-02-26,2.0,0.429,13.0,,0.0,0.0,0.0,,,,0.0,2020,2,26,2
2020-02-27,5.0,1.143,18.0,,0.0,0.0,0.0,,,,0.0,2020,2,27,3
2020-02-28,4.0,1.714,22.0,,0.0,0.0,0.0,,,,0.0,2020,2,28,4
2020-02-29,8.0,2.8569999999999998,30.0,,0.0,0.0,0.0,,,,0.0,2020,2,29,5
2020-03-01,12.0,4.428999999999999,42.0,,0.0,0.0,0.0,,,,0.0,2020,3,1,6
2020-03-02,5.0,5.143,47.0,,0.0,0.0,0.0,,,,0.0,2020,3,2,0
2020-03-03,22.0,8.286,69.0,,0.0,0.0,0.0,,,,0.0,2020,3,3,1
2020-03-04,40.0,13.714,109.0,,0.0,0.0,0.0,,,,0.0,2020,3,4,2
2020-03-05,55.0,20.857,164.0,,0.0,0.0,0.0,,,,0.0,2020,3,5,3
2020-03-06,56.0,28.285999999999998,220.0,,0.0,0.0,0.0,,,,0.0,2020,3,6,4
2020-03-07,51.0,34.429,271.0,,1.0,0.14300000000000002,1.0,,,,0.0036900369003690036,2020,3,7,5
2020-03-08,81.0,44.286,352.0,,1.0,0.28600000000000003,2.0,,,,0.005681818181818182,2020,3,8,6
2020-03-09,60.0,52.143,412.0,,0.0,0.28600000000000003,2.0,,,,0.0048543689320388345,2020,3,9,0
2020-03-10,57.0,57.143,469.0,,1.0,0.429,3.0,,,,0.006396588486140725,2020,3,10,1
2020-03-11,148.0,72.571,617.0,,4.0,1.0,7.0,,,,0.011345218800648298,2020,3,11,2
2020-03-12,259.0,101.714,876.0,,0.0,1.0,7.0,,,,0.007990867579908675,2020,3,12,3
2020-03-13,406.0,151.714,1282.0,,2.0,1.286,9.0,,,,0.0070202808112324495,2020,3,13,4
2020-03-14,484.0,213.571,1766.0,,1.0,1.286,10.0,,,,0.0056625141562853904,2020,3,14,5
2020-03-15,478.0,270.286,2244.0,,19.0,3.8569999999999998,29.0,,,,0.012923351158645277,2020,3,15,6
2020-03-16,361.0,313.286,2605.0,,14.0,5.857,43.0,,,,0.016506717850287907,2020,3,16,0
2020-03-17,442.0,368.286,3047.0,,22.0,8.857000000000001,65.0,,,,0.02133245815556285,2020,3,17,1
2020-03-18,611.0,434.42900000000003,3658.0,,17.0,10.714,82.0,,,,0.02241662110442865,2020,3,18,2
2020-03-19,769.0,507.286,4427.0,,34.0,15.571,116.0,,,,0.026202846171222045,2020,3,19,3
2020-03-20,999.0,592.0,5426.0,,46.0,21.857,162.0,,,,0.029856247696277184,2020,3,20,4
2020-03-21,1055.0,673.571,6481.0,,32.0,26.285999999999998,194.0,,,,0.02993365221416448,2020,3,21,5
2020-03-22,1255.0,784.571,7736.0,,58.0,31.857,252.0,,,,0.03257497414684592,2020,3,22,6
2020-03-23,1198.0,904.143,8934.0,,36.0,35.0,288.0,,,,0.03223640026863667,2020,3,23,0
2020-03-24,1378.0,1037.857,10312.0,,76.0,42.714,364.0,,,,0.03529868114817688,2020,3,24,1
2020-03-25,2338.0,1284.5710000000001,12650.0,,148.0,61.428999999999995,512.0,,,,0.04047430830039526,2020,3,25,2
2020-03-26,2375.0,1514.0,15025.0,,191.0,83.85700000000001,703.0,,,,0.046788685524126454,2020,3,26,3
2020-03-27,2692.0,1755.8570000000002,17717.0,,181.0,103.14299999999999,884.0,,,,0.049895580515888695,2020,3,27,4
2020-03-28,3087.0,2046.1429999999998,20804.0,,288.0,139.714,1172.0,,,,0.05633532013074409,2020,3,28,5
2020-03-29,3197.0,2323.571,24001.0,,292.0,173.143,1464.0,,,,0.0609974584392317,2020,3,29,6
2020-03-30,2822.0,2555.571,26823.0,,212.0,198.28599999999997,1676.0,,,,0.06248368937106215,2020,3,30,0
2020-03-31,2858.0,2767.0,29681.0,,374.0,240.857,2050.0,,,,0.06906775378188067,2020,3,31,1
2020-04-01,4273.0,3043.429,33954.0,11896.0,403.0,277.286,2453.0,,155174.0,,0.07224480179065795,2020,4,1,2
2020-04-02,4514.0,3349.0,38468.0,11924.0,672.0,346.0,3125.0,,167098.0,,0.08123635229281481,2020,4,2,3
2020-04-03,4913.0,3666.2859999999996,43381.0,13457.0,657.0,414.0,3782.0,,182047.0,,0.08718102395057745,2020,4,3,4
2020-04-04,4868.0,3920.7140000000004,48249.0,14293.0,736.0,478.0,4518.0,,222937.0,,0.093639246409252,2020,4,4,5
2020-04-05,4911.0,4165.571,53160.0,15899.0,756.0,544.286,5274.0,,238836.0,,0.09920993227990971,2020,4,5,6
2020-04-06,4020.0,4336.714,57180.0,12733.0,599.0,599.571,5873.0,,251569.0,,0.10271073802028681,2020,4,6,0
2020-04-07,3592.0,4441.571,60772.0,13684.0,567.0,627.143,6440.0,,265885.0,,0.1059698545382742,2020,4,7,1
2020-04-08,5282.0,4585.714,66054.0,14419.0,1105.0,727.429,7545.0,17876.0,280304.0,0.257,0.11422472522481605,2020,4,8,2
2020-04-09,5450.0,4719.429,71504.0,16443.0,1030.0,778.571,8575.0,18521.0,296747.0,0.255,0.11992336093085701,2020,4,9,3
2020-04-10,5131.0,4750.571,76635.0,18843.0,1116.0,844.143,9691.0,19013.0,315141.0,0.25,0.1264565798916944,2020,4,10,4
2020-04-11,4858.0,4749.143,81493.0,17737.0,1122.0,899.2860000000001,10813.0,15713.0,332925.0,0.302,0.13268624299019546,2020,4,11,5
2020-04-12,4313.0,4663.714,85806.0,17650.0,843.0,911.7139999999999,11656.0,15963.0,350575.0,0.292,0.13584131645805655,2020,4,12,6
2020-04-13,3579.0,4600.714,89385.0,14506.0,657.0,920.0,12313.0,16216.0,365081.0,0.284,0.1377524193097276,2020,4,13,0
2020-04-14,3489.0,4586.0,92874.0,14567.0,724.0,942.429,13037.0,16252.0,379649.0,0.282,0.14037297844391325,2020,4,14,1
2020-04-15,4178.0,4428.286,97052.0,15991.0,1076.0,938.2860000000001,14113.0,16515.0,395912.0,0.268,0.1454168899146849,2020,4,15,2
2020-04-16,4326.0,4267.714,101378.0,18489.0,880.0,916.857,14993.0,16817.0,414469.0,0.254,0.1478920475842885,2020,4,16,3
2020-04-17,5065.0,4258.286,106443.0,20906.0,1036.0,905.429,16029.0,17178.0,435389.0,0.248,0.15058763845438403,2020,4,17,4
2020-04-18,5292.0,4320.286,111735.0,21081.0,913.0,875.571,16942.0,17657.0,456527.0,0.245,0.15162661654808252,2020,4,18,5
2020-04-19,4956.0,4412.143,116691.0,21249.0,1105.0,913.0,18047.0,18172.0,477776.0,0.243,0.1546563145401102,2020,4,19,6
2020-04-20,4721.0,4575.286,121412.0,19316.0,432.0,880.857,18479.0,18859.0,497092.0,0.243,0.15220077092873852,2020,4,20,0
2020-04-21,3853.0,4627.286,125265.0,17365.0,570.0,858.857,19049.0,21797.0,532229.0,0.212,0.15206961242166606,2020,4,21,1
2020-04-22,4854.0,4723.857,130119.0,22763.0,1224.0,880.0,20273.0,22726.0,554992.0,0.208,0.15580353368839292,2020,4,22,2
2020-04-23,4760.0,4785.857,134879.0,23073.0,847.0,875.2860000000001,21120.0,23371.0,578066.0,0.205,0.15658479081250604,2020,4,23,3
2020-04-24,5487.0,4846.143,140366.0,28024.0,682.0,824.7139999999999,21802.0,24386.0,606093.0,0.199,0.1553225139991166,2020,4,24,4
2020-04-25,5158.0,4827.0,145524.0,28225.0,1010.0,838.571,22812.0,25399.0,634319.0,0.19,0.15675764822297353,2020,4,25,5
2020-04-26,4970.0,4829.0,150494.0,29058.0,815.0,797.143,23627.0,26514.0,663377.0,0.182,0.15699629221098516,2020,4,26,6
2020-04-27,3748.0,4690.0,154242.0,31610.0,364.0,787.429,23991.0,28271.0,694987.0,0.166,0.1555412922550278,2020,4,27,0
2020-04-28,3473.0,4635.714,157715.0,31453.0,320.0,751.7139999999999,24311.0,27761.0,726553.0,0.16699999999999998,0.15414513521224996,2020,4,28,1
2020-04-29,4706.0,4614.571,162421.0,45263.0,969.0,715.2860000000001,25280.0,30975.0,771817.0,0.149,0.15564489813509336,2020,4,29,2
2020-04-30,4729.0,4610.143,167150.0,65643.0,769.0,704.143,26049.0,37362.0,839597.0,0.123,0.15584205803170806,2020,4,30,3
2020-05-01,5442.0,4603.714,172592.0,83143.0,634.0,697.2860000000001,26683.0,45227.0,922684.0,0.102,0.1546016037823306,2020,5,1,4
2020-05-02,4966.0,4576.286,177558.0,74142.0,698.0,652.714,27381.0,51787.0,996826.0,0.08800000000000001,0.15420876558645627,2020,5,2,5
2020-05-03,4737.0,4543.0,182295.0,63559.0,584.0,619.714,27965.0,56716.0,1060387.0,0.08,0.15340519487643656,2020,5,3,6
2020-05-04,3229.0,4468.857,185524.0,68203.0,253.0,603.857,28218.0,61943.0,1128590.0,0.07200000000000001,0.15209891981630408,2020,5,4,0
2020-05-05,2982.0,4398.714,188506.0,71764.0,272.0,597.0,28490.0,67957.0,1202251.0,0.065,0.15113577286664615,2020,5,5,1
2020-05-06,3389.0,4210.571,191895.0,65803.0,726.0,562.286,29216.0,70891.0,1268054.0,0.059,0.15224992834623102,2020,5,6,2
2020-05-07,3682.0,4061.0,195577.0,73277.0,647.0,544.857,29863.0,72018.0,1343722.0,0.056,0.15269177868563277,2020,5,7,3
2020-05-08,3827.0,3830.2859999999996,199404.0,76741.0,458.0,519.714,30321.0,71111.0,1420462.0,0.054000000000000006,0.1520581332370464,2020,5,8,4
2020-05-09,3767.0,3659.0,203171.0,74836.0,579.0,502.714,30900.0,71211.0,1495302.0,0.051,0.15208863469688094,2020,5,9,5
2020-05-10,3063.0,3419.857,206234.0,74586.0,275.0,458.57099999999997,31175.0,72786.0,1569888.0,0.047,0.15116324175451187,2020,5,10,6
2020-05-11,2157.0,3266.7140000000004,208391.0,73541.0,217.0,453.42900000000003,31392.0,73548.0,1643429.0,0.044,0.15063990287488424,2020,5,11,0
2020-05-12,2329.0,3173.429,210720.0,67116.0,187.0,441.286,31579.0,72625.0,1710628.0,0.044,0.14986237661351556,2020,5,12,1
2020-05-13,3586.0,3201.571,214306.0,72368.0,614.0,425.286,32193.0,73563.0,1782996.0,0.044,0.1502197791942363,2020,5,13,2
2020-05-14,3402.0,3161.571,217708.0,80713.0,447.0,396.714,32640.0,74383.0,1864403.0,0.043,0.14992558840281478,2020,5,14,3
2020-05-15,3307.0,3087.2859999999996,221015.0,81595.0,352.0,381.57099999999997,32992.0,75078.0,1946011.0,0.041,0.14927493609031062,2020,5,15,4
2020-05-16,2628.0,2924.571,223643.0,88046.0,350.0,348.85699999999997,33342.0,76965.0,2034056.0,0.038,0.14908581981103813,2020,5,16,5
2020-05-17,2526.0,2847.857,226169.0,88262.0,411.0,368.286,33753.0,78919.0,2122318.0,0.036000000000000004,0.14923795922518118,2020,5,17,6
2020-05-18,2079.0,2836.7140000000004,228248.0,75290.0,67.0,346.85699999999997,33820.0,79168.0,2197608.0,0.036000000000000004,0.14817216361151028,2020,5,18,0
2020-05-19,1838.0,2766.571,230086.0,63028.0,146.0,341.0,33966.0,78580.0,2260688.0,0.035,0.1476230626809106,2020,5,19,1
2020-05-20,2589.0,2624.143,232675.0,79653.0,500.0,324.714,34466.0,78438.0,2332060.0,0.033,0.14812936499409046,2020,5,20,2
2020-05-21,3052.0,2574.143,235727.0,81403.0,328.0,307.714,34794.0,78437.0,2413462.0,0.033,0.14760294747737848,2020,5,21,3
2020-05-22,2718.0,2490.0,238445.0,93398.0,273.0,296.42900000000003,35067.0,80123.0,2506869.0,0.031,0.14706536098471346,2020,5,22,4
2020-05-23,2574.0,2482.286,241019.0,84060.0,291.0,288.0,35358.0,79553.0,2590930.0,0.031,0.14670212721818612,2020,5,23,5
2020-05-24,2062.0,2416.0,243081.0,79902.0,220.0,260.714,35578.0,78359.0,2670829.0,0.031,0.14636273505539305,2020,5,24,6
2020-05-25,1527.0,2337.143,244608.0,51844.0,379.0,305.286,35957.0,75010.0,2722676.0,0.031,0.14699846284667714,2020,5,25,0
2020-05-26,1364.0,2269.429,245972.0,69381.0,104.0,299.286,36061.0,85554.0,2859563.0,0.027000000000000003,0.14660611776950222,2020,5,26,1
2020-05-27,1624.0,2131.571,247596.0,63765.0,131.0,246.571,36192.0,84492.0,2923504.0,0.025,0.1461736053894247,2020,5,27,2
2020-05-28,1672.0,1934.4289999999999,249268.0,70329.0,422.0,260.0,36614.0,82910.0,2993833.0,0.023,0.14688608244941187,2020,5,28,3
2020-05-29,1835.0,1808.286,251103.0,84634.0,343.0,270.0,36957.0,81657.0,3078468.0,0.022,0.14717864780588047,2020,5,29,4
2020-05-30,1760.0,1692.0,252863.0,95550.0,274.0,267.57099999999997,37231.0,83298.0,3174018.0,0.02,0.14723783234399654,2020,5,30,5
2020-05-31,1527.0,1615.5710000000001,254390.0,89867.0,154.0,258.143,37385.0,84723.0,3263888.0,0.019,0.14695939305790323,2020,5,31,6
2020-06-01,1125.0,1558.1429999999998,255515.0,75263.0,60.0,212.571,37445.0,88068.0,3339151.0,0.018000000000000002,0.1465471694421071,2020,6,1,0
2020-06-02,1079.0,1517.4289999999999,256594.0,64763.0,86.0,210.0,37531.0,77759.0,3403873.0,0.02,0.14626608572297092,2020,6,2,1
2020-06-03,1441.0,1491.286,258035.0,86267.0,249.0,226.857,37780.0,81003.0,3490527.0,0.018000000000000002,0.14641424612940104,2020,6,3,2
2020-06-04,1484.0,1464.4289999999999,259519.0,96674.0,254.0,202.857,38034.0,84785.0,3587330.0,0.017,0.14655574351010908,2020,6,4,3
2020-06-05,1356.0,1396.0,260875.0,95445.0,130.0,172.429,38164.0,86330.0,3682775.0,0.016,0.1462922855773838,2020,6,5,4
2020-06-06,1243.0,1322.1429999999998,262118.0,98667.0,258.0,170.143,38422.0,86913.0,3782412.0,0.015,0.14658283673765252,2020,6,6,5
2020-06-07,1120.0,1264.0,263238.0,90562.0,143.0,168.571,38565.0,87077.0,3873426.0,0.015,0.14650240466801906,2020,6,7,6
2020-06-08,801.0,1217.714,264039.0,83790.0,54.0,167.71400000000003,38619.0,88311.0,3957326.0,0.014,0.14626248395123448,2020,6,8,0
2020-06-09,721.0,1166.5710000000001,264760.0,66769.0,47.0,162.143,38666.0,93668.0,4059548.0,0.012,0.14604169814171325,2020,6,9,1
2020-06-10,1099.0,1117.714,265859.0,91606.0,195.0,154.429,38861.0,94375.0,4151154.0,0.012,0.14617146683016186,2020,6,10,2
2020-06-11,1158.0,1071.143,267017.0,97852.0,164.0,141.571,39025.0,94536.0,4249081.0,0.011,0.14615174314744006,2020,6,11,3
2020-06-12,1199.0,1048.714,268216.0,98913.0,76.0,133.857,39101.0,95211.0,4349254.0,0.011,0.14578175798610077,2020,6,12,4
2020-06-13,1017.0,1016.429,269233.0,95216.0,131.0,115.714,39232.0,94695.0,4445275.0,0.011,0.14571764976804477,2020,6,13,5
2020-06-14,1052.0,1006.7139999999999,270285.0,96044.0,107.0,110.571,39339.0,95535.0,4542174.0,0.011,0.1455463677229591,2020,6,14,6
2020-06-15,890.0,1019.429,271175.0,66688.0,27.0,106.714,39366.0,93198.0,4609714.0,0.011,0.14516824928551672,2020,6,15,0
2020-06-16,822.0,1033.857,271997.0,67808.0,29.0,104.14299999999999,39395.0,88282.0,4677522.0,0.012,0.14483615628113544,2020,6,16,1
2020-06-17,1043.0,1025.857,273040.0,78962.0,120.0,93.429,39515.0,86476.0,4756484.0,0.012,0.14472238499853501,2020,6,17,2
2020-06-18,1102.0,1017.857,274142.0,83864.0,110.0,85.714,39625.0,84467.0,4840348.0,0.012,0.14454187975574703,2020,6,18,3
2020-06-19,1013.0,991.2860000000001,275155.0,86579.0,67.0,84.429,39692.0,83078.0,4930797.0,0.012,0.14425323908342572,2020,6,19,4
2020-06-20,1027.0,992.7139999999999,276182.0,87191.0,84.0,77.714,39776.0,81816.0,5017988.0,0.012,0.14402097167809633,2020,6,20,5
2020-06-21,986.0,983.2860000000001,277168.0,80564.0,71.0,72.571,39847.0,79523.0,5098834.0,0.012,0.14376479247243548,2020,6,21,6
2020-06-22,687.0,954.2860000000001,277855.0,57102.0,31.0,73.143,39878.0,78058.0,5156119.0,0.012,0.14352090118946934,2020,6,22,0
2020-06-23,639.0,928.143,278494.0,59942.0,14.0,71.0,39892.0,77377.0,5219161.0,0.012,0.1432418651748332,2020,6,23,1
2020-06-24,896.0,907.143,279390.0,66756.0,94.0,67.286,39986.0,75633.0,5285917.0,0.012,0.14311893768567235,2020,6,24,2
2020-06-25,886.0,876.2860000000001,280276.0,88040.0,87.0,64.0,40073.0,76230.0,5373957.0,0.011,0.1429769227475774,2020,6,25,3
2020-06-26,778.0,842.7139999999999,281054.0,93173.0,99.0,68.571,40172.0,82843.0,5510701.0,0.01,0.14293338646665765,2020,6,26,4
2020-06-27,721.0,799.0,281775.0,93392.0,77.0,67.571,40249.0,83729.0,5604093.0,0.01,0.1428409191730991,2020,6,27,5
2020-06-28,671.0,754.0,282446.0,90897.0,40.0,63.143,40289.0,85165.0,5694990.0,0.009000000000000001,0.14264319551347868,2020,6,28,6
2020-06-29,649.0,748.571,283095.0,64453.0,31.0,63.143,40320.0,86298.0,5760203.0,0.009000000000000001,0.14242568749006518,2020,6,29,0
2020-06-30,446.0,721.0,283541.0,62572.0,21.0,64.143,40341.0,86583.0,5825239.0,0.008,0.14227572026620489,2020,6,30,1
2020-07-01,730.0,697.2860000000001,284271.0,97367.0,53.0,58.286,40394.0,90952.0,5922583.0,0.008,0.14209680199527916,2020,7,1,2
2020-07-02,617.0,658.857,284888.0,112636.0,97.0,59.714,40491.0,94519.0,6035588.0,0.006999999999999999,0.14212953862570554,2020,7,2,3
2020-07-03,651.0,640.714,285539.0,112130.0,41.0,51.428999999999995,40532.0,90997.0,6147681.0,0.006999999999999999,0.14194908576411627,2020,7,3,4
2020-07-04,602.0,623.714,286141.0,114178.0,49.0,47.428999999999995,40581.0,94003.0,6262114.0,0.006999999999999999,0.14182168930701997,2020,7,4,5
2020-07-05,579.0,610.571,286720.0,93173.0,32.0,46.286,40613.0,94346.0,6355415.0,0.006,0.14164690290178572,2020,7,5,6
2020-07-06,401.0,575.143,287121.0,76984.0,19.0,44.571000000000005,40632.0,96131.0,6433120.0,0.006,0.14151524966825832,2020,7,6,0
2020-07-07,555.0,590.714,287676.0,63533.0,11.0,43.143,40643.0,95916.0,6496653.0,0.006,0.1412804683046205,2020,7,7,1
2020-07-08,704.0,587.0,288380.0,100689.0,54.0,43.286,40697.0,96394.0,6597342.0,0.006,0.1411228240515986,2020,7,8,2
2020-07-09,597.0,584.143,288977.0,120318.0,57.0,37.571,40754.0,97413.0,6717480.0,0.006,0.1410285247614862,2020,7,9,3
2020-07-10,693.0,590.143,289670.0,131848.0,31.0,36.143,40785.0,100261.0,6849508.0,0.006,0.14079814961853143,2020,7,10,4
2020-07-11,715.0,606.286,290385.0,128125.0,34.0,34.0,40819.0,102232.0,6977736.0,0.006,0.14056855553833703,2020,7,11,5
2020-07-12,565.0,604.286,290950.0,124094.0,17.0,31.857,40836.0,106631.0,7101830.0,0.006,0.14035401271696168,2020,7,12,6
2020-07-13,442.0,610.143,291392.0,86609.0,9.0,30.429000000000002,40845.0,107957.0,7188816.0,0.006,0.14017200197671864,2020,7,13,0
2020-07-14,361.0,582.429,291753.0,74760.0,10.0,30.285999999999998,40855.0,109426.0,7262633.0,0.005,0.14003283599483124,2020,7,14,1
2020-07-15,726.0,585.571,292479.0,112495.0,44.0,28.857,40899.0,111179.0,7375594.0,0.005,0.1398356805103956,2020,7,15,2
2020-07-16,685.0,598.143,293164.0,129616.0,26.0,24.429000000000002,40925.0,113031.0,7508695.0,0.005,0.1395976313599214,2020,7,16,3
2020-07-17,772.0,609.429,293936.0,149215.0,24.0,23.429000000000002,40949.0,115528.0,7658207.0,0.005,0.13931263948614664,2020,7,17,4
2020-07-18,704.0,607.857,294640.0,157256.0,26.0,22.285999999999998,40975.0,119738.0,7815903.0,0.005,0.13906801520499593,2020,7,18,5
2020-07-19,569.0,608.429,295209.0,131697.0,9.0,21.143,40984.0,120824.0,7947599.0,0.005,0.1388304557110386,2020,7,19,6
2020-07-20,493.0,615.714,295702.0,102572.0,11.0,21.429000000000002,40995.0,123051.0,8050171.0,0.005,0.13863619454721307,2020,7,20,0
2020-07-21,413.0,623.143,296115.0,84093.0,10.0,21.429000000000002,41005.0,124658.0,8135242.0,0.005,0.13847660537291256,2020,7,21,1
2020-07-22,793.0,632.714,296908.0,121694.0,25.0,18.714000000000002,41030.0,125906.0,8256935.0,0.005,0.13819095477386933,2020,7,22,2
2020-07-23,751.0,642.143,297659.0,131462.0,17.0,17.429000000000002,41047.0,125672.0,8388397.0,0.005,0.1378994083834186,2020,7,23,3
2020-07-24,773.0,642.286,298432.0,134293.0,9.0,15.286,41056.0,123496.0,8522679.0,0.005,0.13757237829723354,2020,7,24,4
2020-07-25,731.0,646.143,299163.0,140779.0,32.0,16.143,41088.0,121156.0,8663993.0,0.005,0.13734318749310576,2020,7,25,5
2020-07-26,667.0,660.143,299830.0,134045.0,15.0,17.0,41103.0,121491.0,8798036.0,0.005,0.13708768302037821,2020,7,26,6
2020-07-27,421.0,649.857,300251.0,104549.0,8.0,16.570999999999998,41111.0,122062.0,8904608.0,0.005,0.13692210850255288,2020,7,27,0
2020-07-28,371.0,643.857,300622.0,82265.0,3.0,15.571,41114.0,121662.0,8986873.0,0.005,0.13676311114954992,2020,7,28,1
2020-07-29,70.0,540.571,300692.0,130611.0,21.0,15.0,41135.0,122935.0,9117483.0,0.004,0.1368011121014194,2020,7,29,2
2020-07-30,763.0,542.286,301455.0,143319.0,34.0,17.429000000000002,41169.0,124656.0,9260989.0,0.004,0.1365676469124745,2020,7,30,3
2020-07-31,846.0,552.714,302301.0,154034.0,0.0,16.143,41169.0,127529.0,9415384.0,0.004,0.1361854575406631,2020,7,31,4
2020-08-01,880.0,574.0,303181.0,147002.0,20.0,14.429,41189.0,128341.0,9562383.0,0.004,0.1358561387422035,2020,8,1,5
2020-08-02,771.0,588.857,303952.0,130999.0,13.0,14.142999999999999,41202.0,127907.0,9693382.0,0.005,0.13555429804706007,2020,8,2,6
2020-08-03,743.0,634.857,304695.0,124088.0,5.0,13.714,41207.0,130584.0,9818696.0,0.005,0.13524015819097787,2020,8,3,0
2020-08-04,928.0,714.429,305623.0,123291.0,1.0,13.429,41208.0,136445.0,9941987.0,0.005,0.13483278418181877,2020,8,4,1
2020-08-05,670.0,800.143,306293.0,140745.0,18.0,13.0,41226.0,137992.0,10083427.0,0.006,0.13459661174104534,2020,8,5,2
2020-08-06,891.0,818.429,307184.0,152551.0,14.0,10.142999999999999,41240.0,139426.0,10236970.0,0.006,0.13425178394708057,2020,8,6,3
2020-08-07,950.0,833.2860000000001,308134.0,162713.0,18.0,12.714,41258.0,140718.0,10400408.0,0.006,0.1338962918730163,2020,8,7,4
2020-08-08,871.0,832.0,309005.0,156140.0,12.0,11.571,41270.0,142024.0,10556548.0,0.006,0.13355770942217762,2020,8,8,5
2020-08-09,758.0,830.143,309763.0,146826.0,3.0,10.142999999999999,41273.0,144285.0,10703374.0,0.006,0.13324057424547153,2020,8,9,6
2020-08-10,1062.0,875.7139999999999,310825.0,153214.0,5.0,10.142999999999999,41278.0,148347.0,10857124.0,0.006,0.13280141558754927,2020,8,10,0
2020-08-11,816.0,859.7139999999999,311641.0,135827.0,18.0,12.571,41296.0,150223.0,10993551.0,0.006,0.13251144746679674,2020,8,11,1
2020-08-12,1148.0,928.0,312789.0,147534.0,13.0,11.857000000000001,41309.0,151112.0,11141214.0,0.006,0.13206666474844064,2020,8,12,2
2020-08-13,1009.0,944.857,313798.0,167983.0,20.0,12.714,41329.0,153405.0,11310805.0,0.006,0.1317057470092225,2020,8,13,3
2020-08-14,1129.0,970.429,314927.0,159433.0,18.0,12.714,41347.0,153002.0,11471425.0,0.006,0.1312907435691446,2020,8,14,4
2020-08-15,1440.0,1051.714,316367.0,167759.0,11.0,12.571,41358.0,154662.0,11639184.0,0.006999999999999999,0.13072792042153575,2020,8,15,5
2020-08-16,1077.0,1097.286,317444.0,174914.0,3.0,12.571,41361.0,158675.0,11814098.0,0.006999999999999999,0.13029384710374114,2020,8,16,6
2020-08-17,1040.0,1094.143,318484.0,162256.0,5.0,12.571,41366.0,160168.0,11978298.0,0.006999999999999999,0.12988407580914582,2020,8,17,0
2020-08-18,713.0,1079.4289999999999,319197.0,140608.0,3.0,10.429,41369.0,160768.0,12118924.0,0.006999999999999999,0.12960334840239726,2020,8,18,1
2020-08-19,1089.0,1071.0,320286.0,153225.0,12.0,10.286,41381.0,161563.0,12272157.0,0.006999999999999999,0.12920015236382484,2020,8,19,2
2020-08-20,812.0,1042.857,321098.0,175916.0,16.0,9.714,41397.0,162256.0,12446595.0,0.006,0.12892325707416427,2020,8,20,3
2020-08-21,1182.0,1050.4289999999999,322280.0,170627.0,6.0,8.0,41403.0,163801.0,12618033.0,0.006,0.12846903313888544,2020,8,21,4
2020-08-22,1033.0,992.2860000000001,323313.0,180335.0,2.0,6.7139999999999995,41405.0,165598.0,12798368.0,0.006,0.12806475458765965,2020,8,22,5
2020-08-23,1288.0,1022.429,324601.0,171385.0,18.0,8.857000000000001,41423.0,165094.0,12969753.0,0.006,0.12761205295116157,2020,8,23,6
2020-08-24,1041.0,1022.571,325642.0,155871.0,6.0,9.0,41429.0,163991.0,13126236.0,0.006,0.12722253271998082,2020,8,24,0
2020-08-25,972.0,1059.5710000000001,326614.0,137013.0,4.0,9.142999999999999,41433.0,163477.0,13263262.0,0.006,0.12685616660645288,2020,8,25,1
2020-08-26,1184.0,1073.143,327798.0,163158.0,16.0,9.714,41449.0,167916.0,13447568.0,0.006,0.1264467751481095,2020,8,26,2
2020-08-27,1048.0,1106.857,328846.0,184461.0,16.0,9.714,41465.0,169546.0,13633416.0,0.006999999999999999,0.1260924566514417,2020,8,27,3
2020-08-28,1522.0,1155.4289999999999,330368.0,178203.0,12.0,10.571,41477.0,172228.0,13823629.0,0.006999999999999999,0.12554787388609065,2020,8,28,4
2020-08-29,1276.0,1190.143,331644.0,168684.0,9.0,11.571,41486.0,170658.0,13992972.0,0.006999999999999999,0.1250919660841143,2020,8,29,5
2020-08-30,1108.0,1164.4289999999999,332752.0,170574.0,12.0,10.714,41498.0,170542.0,14163546.0,0.006999999999999999,0.12471149685050728,2020,8,30,6
2020-08-31,1715.0,1260.714,334467.0,166871.0,1.0,10.0,41499.0,172026.0,14330417.0,0.006999999999999999,0.12407502085407529,2020,8,31,0
2020-09-01,1406.0,1322.714,335873.0,158554.0,2.0,9.714,41501.0,175101.0,14488971.0,0.008,0.12356158428929982,2020,9,1,1
2020-09-02,1295.0,1338.5710000000001,337168.0,164358.0,3.0,7.857,41504.0,172233.0,14653196.0,0.008,0.12309590471219095,2020,9,2,2
2020-09-03,1508.0,1404.286,338676.0,181772.0,10.0,7.0,41514.0,171683.0,14835199.0,0.008,0.12257733054600857,2020,9,3,3
2020-09-04,1735.0,1434.714,340411.0,181359.0,13.0,7.143,41527.0,170561.0,15017553.0,0.008,0.12199076998099356,2020,9,4,4
2020-09-05,1940.0,1529.5710000000001,342351.0,188783.0,10.0,7.2860000000000005,41537.0,173188.0,15205285.0,0.009000000000000001,0.12132869481905997,2020,9,5,5
2020-09-06,1813.0,1630.286,344164.0,166119.0,12.0,7.2860000000000005,41549.0,172551.0,15371404.0,0.009000000000000001,0.1207244220778466,2020,9,6,6
2020-09-07,2988.0,1812.1429999999998,347152.0,169930.0,2.0,7.428999999999999,41551.0,172982.0,15541294.0,0.01,0.11969108632529843,2020,9,7,0
2020-09-08,2948.0,2032.4289999999999,350100.0,179252.0,3.0,7.571000000000001,41554.0,175941.0,15720561.0,0.012,0.11869180234218794,2020,9,8,1
2020-09-09,2460.0,2198.857,352560.0,186851.0,32.0,11.714,41586.0,183096.0,15934869.0,0.012,0.11795439074200136,2020,9,9,2
2020-09-10,2659.0,2363.286,355219.0,205659.0,8.0,11.429,41594.0,187241.0,16145887.0,0.013,0.117093961753172,2020,9,10,3
2020-09-11,2919.0,2532.429,358138.0,222448.0,14.0,11.571,41608.0,194219.0,16377083.0,0.013,0.11617867972680922,2020,9,11,4
2020-09-12,3539.0,2760.857,361677.0,238640.0,6.0,11.0,41614.0,207152.0,16655346.0,0.013,0.11505846376739466,2020,9,12,5
2020-09-13,3497.0,3001.429,365174.0,221166.0,9.0,10.571,41623.0,215015.0,16876512.0,0.014,0.11398128015685673,2020,9,13,6
2020-09-14,3330.0,3050.2859999999996,368504.0,213173.0,5.0,11.0,41628.0,221199.0,17089685.0,0.014,0.1129648524846406,2020,9,14,0
2020-09-15,2621.0,3003.571,371125.0,207718.0,9.0,11.857000000000001,41637.0,225263.0,17297403.0,0.013,0.11219131020545638,2020,9,15,1
2020-09-16,3103.0,3095.429,374228.0,223146.0,27.0,11.142999999999999,41664.0,226687.0,17521680.0,0.014,0.11133319794349969,2020,9,16,2
2020-09-17,3991.0,3285.7140000000004,378219.0,236219.0,20.0,12.857000000000001,41684.0,230733.0,17761017.0,0.014,0.11021127970831714,2020,9,17,3
2020-09-18,3395.0,3353.7140000000004,381614.0,233199.0,21.0,13.857000000000001,41705.0,231198.0,17995470.0,0.015,0.10928582284717017,2020,9,18,4
2020-09-19,4322.0,3465.571,385936.0,252509.0,27.0,16.857,41732.0,227647.0,18248877.0,0.015,0.10813191824551222,2020,9,19,5
2020-09-20,4422.0,3597.7140000000004,390358.0,239885.0,27.0,19.429000000000002,41759.0,230321.0,18488762.0,0.016,0.1069761603451191,2020,9,20,6
2020-09-21,3899.0,3679.0,394257.0,219723.0,18.0,21.285999999999998,41777.0,231257.0,18708484.0,0.016,0.10596387635476352,2020,9,21,0
2020-09-22,4368.0,3928.571,398625.0,188865.0,11.0,21.570999999999998,41788.0,228564.0,18897349.0,0.017,0.10483035434305425,2020,9,22,1
2020-09-23,4926.0,4189.0,403551.0,218360.0,37.0,23.0,41825.0,224325.0,19091955.0,0.019,0.1036424144655818,2020,9,23,2
2020-09-24,6178.0,4501.429,409729.0,232268.0,37.0,25.429000000000002,41862.0,223455.0,19325203.0,0.02,0.10216997088319353,2020,9,24,3
2020-09-25,6634.0,4964.143,416363.0,,40.0,28.143,41902.0,,,,0.1006381450801344,2020,9,25,4
2020-09-26,6873.0,5328.571,423236.0,,34.0,29.143,41936.0,,,,0.09908419888667315,2020,9,26,5
